{"cameraMode":{"drawMode":0,"name":"Shaded","section":"Shading Mode"},"sceneLighting":true,"audioPlay":false,"sceneViewState":{"showFog":true,"showMaterialUpdate":true,"showSkybox":true,"showFlares":true,"showImageEffects":true,"showParticleSystems":true},"in2DMode":false,"pivot":{"x":0.5832545161247253,"y":-1.9432826042175294,"z":0.8282421827316284},"rotation":{"x":-0.5044702887535095,"y":-0.2391747385263443,"z":0.14779701828956605,"w":-0.8163707852363586},"size":2.4650211334228517,"orthographic":false}